title,date,description
Elliot Wave and pennant points to Stellar XLM price surge in February,2025-01-31 13:53:00,"Stellar Lumens’ price consolidated in January, mirroring the performance of Bitcoin and most other altcoins. Stellar (XLM) traded at $0.4240 on Friday, down 33% from its peak in November last year when it experienced a strong rally. Technicals suggests that…"
"Sui, Toncoin, Stellar and Remittix: Crypto gurus pick 1 to hold",2025-01-22 21:56:00,"Crypto experts narrow down the best altcoin to hold from Sui, Toncoin, Stellar, and the rising star, Remittix. #partnercontent"
"What whales are keeping secret about Stellar, Sui, Kaspa, and XYZVerse",2025-01-20 22:50:00,"Analyzing why whales are accumulating Stellar, Sui, Kaspa, and XYZVerse. #partnercontent"
Is Stellar’s XLM a cheaper XRP alternative to buy now?,2025-01-17 17:23:00,"Ripple’s XRP has been the main focus among crypto investors this week as it approached its all-time high, pushing its valuation to over $184 billion. Stellar (XLM), a popular alternative to Ripple (XRP), has also pumped, reaching a high of…"
Stellar price prediction: Will XLM shine bright in 2025?,2025-01-16 16:05:00,"At the beginning of 2025, Stellar is in a much better position compared to the start of the previous year. Since January 2024, the cryptocurrency’s price has surged by over 300%, with approximately a 16% increase just in the past…"
Stellar’s XLM price breaks out: is a 30% surge coming?,2025-01-15 16:44:00,"Stellar Lumens price staged a strong breakout, crossing a key resistance level as positive sentiment continued to build in the crypto industry. Stellar (XLM) surged to an intraday high of $0.4850, its highest level since December 9, marking a 56%…"
Nansen integrates with Stellar for better blockchain analytics,2025-01-15 14:52:00,"Nansen, a blockchain analytics platform, has partnered with the Stellar Development Foundation to offer advanced on-chain analytics for the Stellar ecosystem. The collaboration aims to provide actionable insights to developers, investors, and businesses, helping them make informed decisions within the…"
"With just $100, FX Guys, Dogecoin, Stellar could be tickets to massive gains",2025-01-08 08:30:00,"FXGuys, Dogecoin, and Stellar emerge as top picks for 2025, with FXGuys projecting 100x gains and DOGE targeting a breakout at $0.40. #partnercontent"
Stellar price breaks out as pattern points to a big XLM jump,2025-01-06 17:36:00,"Stellar Lumens price continued rising on Monday, as Bitcoin crossed the resistance at $101,000 and as the crypto fear and greed index moved to the greed zone.  Stellar (XLM) rose to $0.4630, gaining nearly 50% from its December low, as…"
Stellar price surges as a unique pattern point to a 63% jump,2025-01-01 17:00:00,"Stellar lumens price formed a God candle and soared to its highest level over a week as other cryptocurrencies retreated.  Stellar (XLM) rose to $0.3822, up by over 22% from its lowest level this month, bringing its valuation to over…"
Crypto hedge funds soar: Brevan Howard and Galaxy Digital ride Bitcoin to stellar returns,2024-12-21 13:10:00,The cryptocurrency market surge has delivered exceptional returns for hedge funds like Brevan Howard and Galaxy Digital.
"Stellar’s XLM price rises as XRP rebounds, but gains may be brief",2024-12-17 14:43:00,"Stellar Lumens was one of the best-performing cryptocurrencies on Dec. 17 as it continued to mirror Ripple. Stellar (XLM) price rose by 10%, reaching an intraday high of $0.4713, up 32% from its lowest level this month. This rally coincided…"
Stellar price is crashing: how low can XLM fall?,2024-12-10 15:51:00,"Stellar price suffered a harsh reversal as recent momentum faded, and a sea of red clouded the crypto industry. Stellar Lumens (XLM) crashed to a low of $0.3570, its lowest level since Nov. 23, and about 45% below its highest…"
"XRP, Stellar investors eye new DeFi token poised for 25x growth by new year",2024-12-04 18:05:00,"The crypto market surges as investors shift focus from XRP and Stellar to a new DeFi token, which is predicted to deliver 25x returns. #partnercontent"
XLM price forms a rare pattern as Stellar DeFi TVL hits record high,2024-11-27 14:02:00,"The XLM price staged a strong comeback on Nov. 27, forming a bullish engulfing candlestick pattern. Stellar (XLM), the second-largest payment-focused network after Ripple (XRP) surged to an intraday high of $0.5311. This rebound reversed a two-day sell-off that had…"
Stellar and this new coin: The DeFi duo with potential to multiply a crypto portfolio,2024-11-23 20:04:00,"A seasoned crypto and a rising DeFi star are capturing investor attention, offering potential for major portfolio growth. #partnercontent"
"Stellar, Dogecoin, Cardano shine as crypto market valuation reaches $3.5 trillion",2024-11-23 14:34:00,"The global cryptocurrency market increased by 11.5% this week, reaching a record high of $3.49 trillion and adding $358 billion in valuation. Bitcoin (BTC) surged over 8% during this period as buyers attempted to breach the $100,000 psychological resistance, and…"
Stellar Lumens is soaring: 3 reasons XLM could reverse soon,2024-11-22 15:52:00,"Stellar Lumens continued its strong comeback, rising for three consecutive weeks and reaching its highest level since 2021. Stellar (XLM) price jumped to $0.3052, driven by the ongoing cryptocurrency bull run and the fear of missing out. Its surge has…"
XRP price surged to $1: will Stellar Lumens XLM be next?,2024-11-18 13:36:00,"Ripple’s price has gone parabolic, rising for three consecutive weeks as investors respond positively to Donald Trump’s election and its potential impact on the cryptocurrency market. Ripple (XRP) token crossed the important resistance at $1 for the first time since…"
Stellar Lumens recovery stalls but more gains can’t be ruled out,2024-10-17 14:19:00,"Stellar Lumens token drifted upwards, reaching its highest level since Oct. 1, as the Meridian Conference continued. Stellar (XLM), one of the biggest cryptocurrencies, rose to $0.096, pushing its market capitalization to over $2.8 billion. The main catalyst for the token’s…"
Dune unlocks Stellar insights with on-chain analytics integration,2024-10-15 15:05:00,"Stellar, the blockchain network for cross-border payments and real-world asset solutions, is now live on the crypto ecosystem’s top on-chain data platform, Dune. The Stellar (XLM) and Dune integration was announced on Oct. 15 at Meridian 2024, a three-day annual…"
"Huma secures $38m investment, eyes expansion to Solana and Stellar",2024-09-11 14:35:00,"Huma Finance, a tokenized real-world assets platform, has raised $38 million in funding as it looks to scale its payment financing network. According to an announcement on Sept. 11, Distributed Global led the platform’s equity round, with participation from Hashkey…"
Experts confident Rollblock will outpace Kaspa and Stellar in race to $1,2024-08-18 20:09:00,"Rollblock is poised to hit $1 thanks to its low market cap and revenue share model, surpassing Kaspa and XLM in potential. #partnercontent"
Stellar,Inconnu,
Can the Dogecoin price realistically hit $1 in February?,2025-01-31 16:24:00,"Dogecoin’s price rose for three consecutive days this week as the cryptocurrency market stabilized and following the launch of a new fund for accredited investors by Grayscale. Dogecoin (DOGE), the largest meme coin in the crypto industry, climbed to a…"
"Thodex founder’s sentence overturned, but fraud conviction stands",2025-01-31 14:23:00,"The Istanbul Regional Court of Justice has overturned part of the conviction against Faruk Fatih Özer, the founder of the now-defunct cryptocurrency exchange Thodex. The court dismissed charges related to starting an organization to commit a crime but upheld his…"
"SHIB whales exit meme positions, new altcoin sees capital inflows",2025-01-30 20:45:00,"While data shows that SHIB whales are exiting meme positions at a high rate, capital is flowing to a new viral altcoin, DTX. #partnercontent"
Solana’s path to $200b market cap: Timeline and tokens poised to rally with SOL,2025-01-29 18:23:00,"Solana’s market value could reach $200b, sparking a historic boom and boosting projects like Rexas Finance, Stellar, and Hedera. #partnercontent"
Solana holders join bull run in new tech outpacing competition for big gains,2025-01-27 22:19:00,"Solana holders shift focus to 1Fuel’s new technology, which is set to outpace competition in delivering massive gains. #partnercontent"
Why this new meme coin could outshine XLM and TRX,2025-01-27 10:55:00,"Crypto investors are buzzing about BeerBear, a new meme coin with a 14,500% profit potential, as it gears up to disrupt the market. #partnercontent"
Chain plans to sue Justin Sun over market manipulation accusations,2025-01-24 15:28:00,"Blockchain protocol Chain is considering legal action against TRON founder Justin Sun after he accused the company of market manipulation. Chain, a blockchain firm backed by over $40 million from investors including Pantera Capital and Citigroup,has threatened legal action against…"
SOL holders back Remittix: The altcoin set to change the future of global transfers,2025-01-23 22:18:00,"Investors shift focus to Remittix, a new DeFi project raising millions in presale with hopes of changing global transfers. #partnercontent"
"Crypto presale raises $1m in 24 hours, Dogecoin and XRP holders get FOMO",2025-01-23 21:01:00,Dogecoin and XRP holders get FOMO as Remittix’s crypto presale raises $1m in 24 hours. #partnercontent
"Remittix could outperform Shiba Inu, Cardano and Binance Coin this year",2025-01-23 13:02:00,"Remittix is making waves in the crypto industry, with its smart approach to cross-border payments and a presale performance that’s catching the eye of investors. #partnercontent"
XYZVerse and these 4 altcoins could make huge gains,2025-01-23 01:07:00,"XYZVerse and these 4 altcoins could redefine crypto success stories, potentially making huge gains for investors. #partnercontent"
Stargate Finance up 13% after OpenAI announces $500b AI project,2025-01-22 10:00:00,"Stargate Finance’s token soared by 13% after OpenGate unveiled an AI mega-project of the same name involving SoftBank, Nvidia and Oracle. Stargate Finance’s token (STG) has bounded as high as 13% in the past 24 hours, according to data from…"
"MELANIA and TRUMP rule the crypto market, XYZVerse aims to dethrone them",2025-01-21 21:31:00,"While MELANIA and TRUMP coins currently rule the crypto market, XYZVerse aims to dethrone them with higher growth potential. #partnercontent"
"The new age of meme coins: Trump sets the stage for altseason, analysts weigh in",2025-01-21 19:09:00,"An unexpected figure drives the rise of culture-based digital currencies, sparking buzz and shifting crypto market trends. #partnercontent"
CoinShares: Trump Euphoria triggers ETF inflows of $2.2b with total AUM ‘at all-time highs’,2025-01-20 11:42:00,"Digital asset inflows hit over $2 billion last week, fueled by Trump inauguration enthusiasm, with total assets under management reaching more than $170 billion. Crypto investment products saw inflows of $2.2 billion last week, according to data from European alternative…"
"Chart of the week: XRP hits new all-time high, could extend bullish streak",2025-01-19 00:28:00,"XRP could extend its streak in the coming days following President-elect Donald Trump’s inauguration on Monday, Jan. 20."
XRP price leads with bullish momentum while viral AI token jumps 45% in 24 hours,2025-01-18 20:42:00,"Ripple surges steadily in 2025, with IntelMarkets also trending amid bullish altcoin movements. #partnercontent"
ICP price on edge as crypto expert blasts Internet Computer,2025-01-17 19:39:00,"Internet Computer’s token remained in a tight range on Friday despite a popular crypto researcher criticizing its technology. Internet Computer (ICP) token was trading at $11.18, up 93% from its 2024 low. However, it remains at the same level it…"
Wyoming proposes Bitcoin investments for state funds,2025-01-17 18:41:00,"Wyoming lawmakers have introduced House Bill 0201, which aims to permit up to 3% of state funds to be invested in Bitcoin. The bill would apply to key funds, such as the general fund and the permanent mineral trust fund,…"
XRP could surpass ETH’s market cap: Messari analyst,2025-01-17 16:15:00,"Sam Ruskin from Messari highlighted post-election momentum, a potential XRP ETF filing, and the rotation toward “boomer coins” as key factors that could enable XRP to surpass ETH. Ruskin suggested that XRP (XRP) could surpass Ethereum (ETH) in market capitalization.…"
The Global Blockchain Congress returns to its home in Dubai,2025-01-17 11:54:00,"Agora Group will host the 14th Global Blockchain Congress on February 5-6, 2025, in Dubai, connecting innovators and investors from across the world. #pressrelease"
HBAR uptrend remains strong amid ETF rumors and new partnerships,2025-01-17 09:47:00,"HBAR soared 20%, driven by a new partnership in the RWA tokenization market and rumors of an upcoming HBAR ETF. Hedera (HBAR) rallied for four consecutive days to reach a 38-month high of $0.399 on Jan. 17, with its market…"
Analysts’ picks: 5 crypto gems to watch the next 3 months,2025-01-16 22:16:00,"5 crypto gems, including Catzilla, rank among analysts’ picks for the next 3 months. #partnercontent"
"Experts say PEPE, SHIB in accumulation phase as new Solana coin hits 300% gain",2025-01-16 19:31:00,"PEPE and SHIB enter accumulation, signaling growth, while a new Solana coin eyes 1000x gains amid the crypto bull run. #partnercontent"
"Solana, Sui investors flock to new viral altcoin Remittix",2025-01-16 19:22:00,"Remittix is gaining traction as a top crypto investment in 2024, with its smart PayFi protocol reshaping cross-border payments. #partnercontent"
Here’s why Litecoin price is pumping,2025-01-16 17:11:00,"Litecoin price went vertical as it jumped for three consecutive days, reaching its highest level in almost a month. The price of Litecoin (LTC) rose to $126, up 26% from its lowest level this week. It was the second-best performing…"
Polkadot price rare patterns point to a breakout ahead of key events,2025-01-16 16:42:00,"Polkadot price remains 40% below its highest level in December, but a rare chart pattern on the daily chart points to a strong rebound.  Polkadot (DOT), a leading layer-1 network with a market cap of $11 billion and a staking…"
"AI picks 3 cryptos to outperform SHIB, SOL in 2025: XLM, AVAX, and RBLK",2025-01-16 08:38:00,"AI predicts Rollblock, along with Stellar and Avalanche, to outperform Shiba Inu and Solana in 2025, with RBLK tipped for a massive 50x surge. #partnercontent"
Leaders congregate at the DavosWeb3 Roundtable to shape the future of decentralized technologies,2025-01-16 07:12:00,"The DavosWeb3 Roundtable on January 22, 2025, will bring together 100 of web3’s brightest minds for groundbreaking discussions and strategic networking in Switzerland. #pressrelease"
Cannes to support crypto payments for local businesses,2025-01-15 21:20:00,"Cannes Mayor David Lisnard has unveiled plans to train local merchants on accepting cryptocurrency payments as the city prepares to host the Ethereum Community Conference later this year. Lisnard announced the initiative via LinkedIn, highlighting Cannes’ commitment to supporting cryptocurrency…"
Bitcoin surges back to $100k amid U.S.-themed bullish news,2025-01-15 20:44:00,"Bitcoin price surged to reclaim the $100,000 level on Jan. 15 as the flagship digital asset emerged from a turbulent start to the year. After weathering bearish pressure near the $90,000 area this past week, Bitcoin (BTC) price steadily climbed…"
Experts say this DOGE alternative can turn $500 to $750K in 2025,2025-01-15 19:33:00,"The crypto market turns bullish pre-inauguration weekend, with Dogecoin gaining 10% and DTX Exchange presale delivering 500% returns. #pressrelease"
Cardano executive Marius Bock joins BlockDAG’s leadership team,2025-01-15 18:24:00,"BlockDAG gains momentum as ex-Cardano exec Marius Bock joins, with a 300% bonus and launch on 10 top exchanges imminent. #pressrelease"
Shiba Inu coin price rare pattern points to a 50% jump,2025-01-15 17:44:00,"Shiba Inu price drops 33% from December highs but signals of a potential rebound emerge Shiba Inu (SHIB), the second-biggest meme coin, rose to a high of $0.00002215, up 12% from its lowest swing this week. It has lagged behind…"
Algorand retests key level amid 20% spike,2025-01-15 17:11:00,"The price of Algorand jumped more than 20% in 24 hours, retesting the key resistance level of $0.44 on Jan. 15. Algorand (ALGO) rose sharply as a bullish flip that buoyed XRP (XRP) to highs of $3 for the first…"
Illicit crypto volume could have reached $51b in 2024: report,2025-01-15 15:29:00,"Cryptocurrency illicit activity is diversifying, with illicit crypto volumes for 2024 expected to surpass $51 billion, according to a new report. While the total volume identified so far is $40.9 billion, historical trends suggest that figure will grow as more…"
"Despite XLM, DOGE, ADA rebounding, investors are drawn to this crypto",2025-01-15 13:44:00,"As Stellar, Dogecoin, and Cardano rise, Rollblock is emerging as the next big crypto presale in 2025. #partnercontent"
4 low-cost altcoins similar to SOL offering high growth potential,2025-01-14 15:44:00,"Solana surged 75% in 2024, hitting $260, but investors now seek 2025’s promising altcoins like Dawgz AI for high growth potential. #partnercontent"
"Macroeconomic data once again ‘key driver’ of crypto prices, CoinShares says",2025-01-13 12:07:00,"Macroeconomic signals drove sharp reversals in crypto flows last week, CoinShares reports, with $940 million in outflows wiping out early inflows. Digital asset investment products saw $48 million in net inflows, but nearly $1 billion that poured in earlier in…"
XRP price forecast for 2025 and 3 better picks for this bull run,2025-01-10 14:24:00,"Speculators eye $18 for XRP by 2025, but emerging contenders like Rexas Finance, Chainlink, and Stellar may deliver even greater returns this bull run. #partnercontent"
"Set a portfolio for 2025 gains with top crypto picks: BlockDAG, XRP, Cardano, and XLM",2025-01-07 19:30:00,"Cryptos like BlockDAG, XRP, Cardano, and XLM promise 2025 growth with tech advances, scalability, and strong partnerships. #pressrelease"
"Bitcoin becomes 7th largest global asset, stablecoins and AI drive crypto in 2024: report",2025-01-06 21:20:00,"A new Binance report for December highlights bullish and notable trends in the crypto space as we enter a new year. The cryptocurrency market closed in 2024 with a record-breaking performance. Bitcoin (BTC) broke through $100,000, driven by regulatory optimism,…"
3 crypto projects with potential to turn $550 into $11000 in no time,2025-01-04 20:11:00,"Emerging blockchain projects like RXS, Stellar, and Mantle Network offer significant potential for transforming key industries, making them noteworthy considerations for investors #partnercontent"
"Leading cryptos for a fast ROI: Rollblock, XRP, AVAX and Dogecoin",2025-01-03 17:56:00,"Crypto market primed for a rally in 2025, with Rollblock predicted to surge 50x alongside Ripple, Avalanche, and Dogecoin. #partnercontent"
2024 sets on-chain adoption record with $10T transaction milestone,2025-01-03 05:01:00,"2024 was the year of resurgence in on-chain activities across blockchain networks, as major metrics, including adoption, transaction volumes and counts, hit their all-time highs."
XRP outpaces top coins with 10% spike,2025-01-01 20:55:00,"The price of XRP rose sharply to outpace the top 10 cryptocurrencies by market cap as the altcoin looked to begin 2025 on a winning note. On Jan. 1, Ripple token XRP (XRP) traded to highs of $2.32, rising more…"
"Dogecoin, Solana eye fresh highs in q1 2025 but this new altcoin could steal the show",2024-12-31 13:45:00,"Crypto giants Dogecoin and Solana eye Q1 2025 highs, but Rollblock may lead with a breakout rally. #partnercontent"
"Solana struggles to break the $250 level, this SOL alternative plans 3,800% price rise",2024-12-29 18:29:00,"Solana’s ATH of $263 faded in December, but Remittix offers frustrated investors a new opportunity. #partnercontent"
"Fantom slips below $1 while Solana’s rival altcoin prepares for a 1,000% upswing",2024-12-27 17:18:00,"Fantom faces bearish trends, Solana eyes a $500 surge by 2025, and DTX changes trading with unique asset integration. #partnercontent"
Early 2025 crypto goldmine: Undervalued altcoins to keep an eye on,2024-12-27 11:46:00,"Bitcoin’s surge past $100,000 sparks interest in undervalued altcoins like XYZverse, ADA, XLM, IOTA, and SHIB, each poised for significant growth in 2025. #partnercontent"
"Christmas gift as MOVE, BGB, ZEC lead altcoin gainers",2024-12-25 20:15:00,"Cryptocurrencies, including Movement, Bitget Token and Zcash, celebrated massive gains as Santa’s gifts showed in significant price rallies on Dec. 25. With Bitcoin (BTC) reclaiming some footing after trading to near $92,000 on Dec. 23, the gains to above $98k…"
Bitget Token soars as key indicators send a major warning,2024-12-24 14:27:00,"The Bitget Token price continued soaring this week even as the Santa Claus rally in the crypto industry remained elusive.  Bitget Token (BGB) jumped to a high of $4.97, meaning that it has soared by over 470% from its lowest…"
Altcoins under $1 that could bring big gains this holiday period,2024-12-23 21:56:00,Analyzing 5 altcoins under $1 that could bring big gains this holiday period. #partnercontent
AI reveals which crypto will pump next after Solana and Dogecoin,2024-12-23 09:30:00,"AI predicts Rollblock as the next big crypto, blending utility and meme coin culture for explosive growth potential. #partnercontent"
AI predicts which crypto will rise next after Solana and Dogecoin,2024-12-22 19:02:00,"ChatGPT predicts Rollblock as the next crypto to pump, with a potential 10,000% rally after its presale. #partnercontent"
"SEND surges 360%, dForce jumps 160%, BTC struggles to reclaim $100k",2024-12-21 16:16:00,"The price of SEND and dForce jumped triple digits, while Bitcoin shows clear signs of struggling to reclaim $100,000. The cryptocurrency market is showing signs of recovery after the recent slump. Ethereum (ETH), which fell as low as $3,000, has…"
"Trader predicts Vantard could hit $5 in Q1 2025, up 4,166,570%",2024-12-19 06:52:00,"Vantard leads the meme coin supercycle by bundling top-performing Solana tokens into a single, tradeable portfolio, maximizing growth with minimal effort. #pressrelease"
OKX web3 launched an official Dune dashboard for DEX,2024-12-18 09:24:00,"Major crypto exchange OKX is now live on the crypto ecosystem’s top on-chain data platform, Dune. Users can now access on-chain DEX data from OKX on Dune, ranging from daily transaction volumes to cross-chain swaps. On Dec. 18, Dune expands…"
Don’t miss the holiday rally – discover 5 altcoins to watch for explosive x250 growth,2024-12-17 20:06:00,"This holiday season, explore 5 altcoins poised for explosive growth, offering opportunities for remarkable returns in crypto. #partnercontent"
"2025 to be huge year for BlockDAG with $1 forecast; Developers join SOL’s ecosystem, XLM to climb",2024-12-17 17:00:00,Discover BlockDAG’s $1 forecast for 2025 as Solana’s ecosystem attracts developers and Stellar price hints at a climb. #pressrelease
"Exchange tokens Bitget, and Cronos surge as BNB price lags",2024-12-17 16:07:00,Centralized exchange tokens are doing well as most experienced a strong surge in volume amid the ongoing bull run. Bitget Token (BGB) has emerged as the best-performing CEX token as it jumped to a record high of $3.9672. It has…
Ethereum price stalls at key price but on-chain metrics point to a surge,2024-12-17 15:34:00,"Ethereum price has stalled at the resistance level of $4,000, but on-chain metrics and other external factors points to more gains. Ethereum (ETH), the second-largest cryptocurrency by market capitalization, was trading at $4,008. But the momentum failed to continue as…"
"iDEGEN, GOAT, and ACT: The leading AI meme coins for 20x gains this month",2024-12-16 10:01:00,"AI meme coins are dominating the market, and iDEGEN, GOAT, and ACT are primed for 20x gains as attention and liquidity flood into this explosive trend. #pressrelease"
AI meets crypto with these 4 explosive altcoins poised for 100x growth,2024-12-12 21:21:00,"AI meets cryptocurrency as four emerging altcoins harness innovation, showing potential for massive market growth and impact. #partnercontent"
Emerging token gears for massive rally; Whales load up as XRP lags,2024-12-10 21:38:00,"CYBRO, a new multichain token, is gearing up for a price rally as XRP’s struggles attract whales. #partnercontent"
Solana price falls as one ‘giga bull’ sees it rising to $500,2024-12-10 16:26:00,"Solana price dropped into a local bear market as the crypto sell-off intensified this week. Solana (SOL), the fifth-largest cryptocurrency, has fallen by 20% from its highest level this year, reducing its market cap to $102 billion.  The decline coincided…"
"Altcoins that could double by Christmas: DOGE, ADA, and new DeFi token eyeing $1 in 2025",2024-12-09 13:45:00,"Bitcoin hits $100k, sparking rallies for Dogecoin, Cardano, and newcomer Yeti Ouro, which eyes a potential $1 milestone in 2025. #partnercontent"
"This $0.003 coin could flip $200 into $66,000",2024-12-06 13:10:00,"Lightchain AI merges blockchain and AI with its PoI consensus and AIVM, offering investors a smart opportunity for potential gains. #partnercontent"
Ripple executives praise Trump’s pro-crypto SEC head pick,2024-12-04 20:46:00,"Ripple executives Brad Garlinghouse and Stuart Alderoty voiced their support for Paul Atkins as the next U.S. Securities and Exchange Commission chair.  Their optimism centers on Atkins’ reputation as a pro-innovation advocate, signaling what they believe could be a major…"
AMP price is rising as top crypto expert sees more upside,2024-12-04 13:47:00,"The AMP token experienced a robust rally, reaching $0.0144, its highest level since March 11. Ampere (AMP) has surged by about 300% from its yearly low, pushing its market capitalization to over $910 million. The surge coincides with a broader…"
South Korean martial law catapults crypto trading volume to new record high with $34b,2024-12-04 08:03:00,"After the implementation of the South Korean martial law, the country’s five major crypto exchanges recorded a spot trading volume of over $34 billion in the past 24 hours, setting a new record high. According to data from CoinMarketCap, in…"
5 coins that may rocket crypto portfolio 8500% during altcoin season,2024-12-03 16:55:00,"Savvy investors eye explosive returns in the upcoming altcoin season, with some cryptos promising up to 8500% gains. #partnercontent"
Here’s why crypto prices had a brief flash crash in South Korea,2024-12-03 16:15:00,"Crypto prices crashed hard in South Korea as the local currency plunged to a record low.  Bitcoin (BTC) price dropped to 88,197,000 KRW, its lowest level since October 5, before rebounding to 132,000,000 KRW. The cryptocurrency was down by almost…"
Bitcoin dominance crumbles: Top 10 beginner friendly altcoins to watch,2024-12-03 15:22:00,"Bitcoin (BTC) dominance dips to 55.81%, down from its November 2024 top of 61.53%. Declining BTC dominance has paved the way for the altcoin season with over 75% of the top 100 altcoins outperforming Bitcoin consistently. Let’s deep-dive into top 10 beginner-friendly altcoins to buy in December 2024."
"South Korea’s crypto trading outpaces its stock market by 22%, hits $18B in 24H",2024-12-03 10:45:00,"Retail trading volume in South Korea hit $18 billion in 24 hours on Dec. 2, surpassing the Korean stock market by 22%."
Santiment: FOMO unlikely to hinder further market growth,2024-12-03 09:37:00,"A recent analysis by the market intelligence platform Santiment suggests that FOMO might not disrupt the current bullish trend in the cryptocurrency market.  Despite massive rallies across the market, the report from Santiment spotlights a surprising level of neutrality in…"
"Peanut the Squirrel is top gainer of the month with 2,300% rise",2024-12-03 02:29:00,"A newly launched meme coin on the Solana blockchain has paid crypto traders’ attention after being released in early November, and it has now become the top gainer. Peanut the Squirrel (PNUT) appeared suddenly as the top gainer among cryptocurrencies…"
XRP flipped USDT and Solana after price surged by 27%,2024-12-02 04:43:00,"XRP, a cryptocurrency launched by Ripple Labs Inc, has grown significantly in the past 7 days. These surges have brought the market cap to the third biggest after Bitcoin and Ethereum. According to CoinMarketCap data on Nov. 02, XRP price…"
Can XLM price hit $1 as DeFi TVL and open interest soars?,2024-11-29 16:39:00,"Stellar price went parabolic on Friday, Nov. 29, as its DeFi ecosystem boomed and its futures open interest reached a record high. Stellar Lumens (XLM) surged to an intraday high of $0.5510, marking its highest level since Monday. This represents…"
Algorand price surges as crypto pundit sees it hitting $1.25,2024-11-29 15:44:00,"Algorand price experienced a strong bullish breakout on Nov. 29 as cryptocurrencies continued their uptrend. Algorand (ALGO), a top layer-1 network, surged to $0.40, marking its highest level since November 2022. The cryptocurrency has risen for four consecutive weeks, climbing…"
The 3 altcoins under $0.05 that could eclipse Solana’s recent rally,2024-11-29 14:40:00,"Solana’s surge impresses, but affordable altcoins under $0.05 could deliver bigger gains. #partnercontent"
Bitcoin slips but these 3 altcoins are gaining investors’ attention,2024-11-29 14:26:00,"Bitcoin dips as investors shift focus to three rising altcoins gaining traction, according to Santiment’s latest report. #partnercontent"
Beyond Bitcoin: The next big trade and the real reason long-term holders are cashing out,2024-11-28 20:05:00,"Bitcoin (BTC) continues to face resistance at the psychologically important $100,000 threshold, and there has been a shift in investor focus from BTC to altcoins. Notably, tokens that rallied in the 2021 bull run and metaverse tokens like Decentraland (MANA) and Sandbox (SAND) have witnessed a resurgence in trade volume across centralized exchanges like Upbit."
ETH outperforms BTC amid rise in open interest: Bybit x Block Scholes report,2024-11-28 17:41:00,"Ethereum has outpaced Bitcoin over the past week as the cryptocurrency market continues to show a bullish outlook. In their latest derivatives analytics report, Bybit and Block Scholes highlighted Ethereum’s (ETH) strong performance compared to Bitcoin (BTC) this past week.…"
4 cryptos like missing out on Shiba Inu in 2021,2024-11-27 22:04:00,Analyzing four cryptos poised to deliver returns similar to Shiba Inu (SHIB) in 2021. #partnercontent
Pepe coin price could rise 45% as exchange volume slips,2024-11-27 15:51:00,"Pepe coin price has retreated by over 27% from its highest level this year, but the ongoing whale activity and exchange supply may push it higher. Pepe (PEPE), the third-biggest meme coin, was trading at $0.0000187 on Wednesday, Nov. 27,…"
"Bitcoin price could surge to $500k, crypto millionaire predicts",2024-11-27 15:10:00,"Bitcoin price bounced back on Wednesday, ending a two-day retreat that pushed it near the $90,000 level. Bitcoin’s (BTC) rebound happened after a major court victory by Tornado Cash, a crypto mixer. In a ruling, a three-judge bench said that…"
World App integrates Blockaid to bolster security for users,2024-11-26 17:28:00,"Blockaid, an on-chain security platform with partners including Coinbase, Stellar, and Metamask, has announced its integration with World App, the self-custody wallet of World Network. This integration aims to enhance security for World App users and developers. The wallet, developed…"
"Trump calls up crypto pals, Senator says sell gold for Bitcoin | Weekly Recap",2024-11-24 21:31:00,"In today’s edition of the weekly recap: President-elect Donald Trump names two, new nominees that bode well for crypto, while a GOP Senator proposes ditching gold for Bitcoin. SEC shakeup  US Bitcoin reserve discussions Bitcoin flirts with $100,000 Institutional BTC…"
3 cryptos under $0.5 that experts believe could deliver 1500% returns,2024-11-24 17:56:00,"DOGE thrives in 2024, XLM gains momentum as Lunex Network emerges with promises of scalability and innovation.#partnercontent"
Kusama soars over 110% as crypto ‘canary’ sings profitable tune,2024-11-23 18:10:00,"Kusama has taken flight, soaring over 112% on Saturday, leaving investors and enthusiasts buzzing over what’s fueling this meteoric rise for Polkadot’s experimental sibling. Kusama (KSM), often referred to as Polkadot’s (DOT) “canary network,” is living up to its moniker.…"
"Low-risk, high reward: $100 in these altcoins could yield $100,000 next year",2024-11-22 16:51:00,A $100 investment in hidden altcoins like Catzilla could lead to life-changing returns. Discover their growth potential. #partnercontent
Franklin Templeton crypto index ETF delayed by SEC,2024-11-20 23:05:00,"Franklin Templeton, one of the crypto exchange-traded fund (ETF) issuers, has expressed interest in releasing the crypto index ETF, but the authorities are now delaying it. The Securities and Exchange Commission (SEC) detained the deadline for approving the crypto index…"
Trump favors crypto lawyer and former SEC attorney Teresa Goody Guillén to head SEC,2024-11-20 03:49:00,"Soon-to-be President Donald Trump is looking at Teressa Goody Guillén, an experienced Securities attorney with a strong background in traditional finance and blockchain regulation, as a potential candidate to head the U.S. Securities and Exchange Commission."
Top 5 low-cost tokens below $0.50 that could climb to $5+ in the next bull run,2024-11-19 19:27:00,"Low-cost tokens under $0.50 like RXS, DOGE, SHIB, XLM, and KAS could soar past $5 in a bull run. Explore these top picks. #partnercontent"
"Ethereum price is on track to hit $10k, crypto analyst predicts",2024-11-18 14:09:00,"Ethereum’s price has pulled back in recent days as some whales continue to sell their tokens. Ethereum (ETH) retreated to $3,058 on Monday, Nov. 18, from this month’s high of $3,445. This retreat means that it has moved into a…"
"XRP, XLM, LTC: Top cryptocurrencies to watch this week",2024-11-17 14:32:00,"The global cryptocurrency market capitalization surged by an impressive 16.3% last week, reaching a record high of $3.2 trillion and gaining $430 billion in valuation for the week. Bitcoin (BTC) led the charge, achieving a new all-time high above $93,000.…"
Top 5 cryptos under $0.10 that could create millionaires in the next bull run,2024-11-16 09:37:00,Five cryptocurrencies under $0.10 could see significant growth in the next bull run—explore these affordable digital assets. #partnercontent
TRON picks up momentum while this new DeFi token skyrockets,2024-11-14 18:11:00,"Meme coins lead the bull run as DOGE nears all-time highs; DTX Exchange soars, set to reshape trading markets. #partnercontent"
Bitcoin overtakes Saudi Aramco by market as price hits $93k,2024-11-13 16:54:00,"Bitcoin has overtaken oil giant Saudi Aramco in terms of market cap after the benchmark cryptocurrency surged past $92,000 on Nov. 13. As Bitcoin (BTC) reached $93,000, its market capitalization hit $1.83 trillion. According to data from CompaniesMarketCap, this milestone…"
AGLD soars 288% after Upbit launched 12 new crypto tokens on Nov. 13,2024-11-13 10:40:00,"South Korean crypto exchange Upbit is expanding its USDT market by adding 12 new crypto tokens to its listings. One of the tokens saw its price soar to nearly 300% after its launch. According to Upbit’s notice, the crypto exchange…"
BTC breaks $89k for first time on Trump trades; Robo Panda AI hits $100k in presale,2024-11-12 10:03:00,"Bitcoin breaks $89,000, while Robo Panda AI hits $100k in presales, setting new records in the meme coin market. #partnercontent"
"Five leading SHIB alternatives set for 20,000% growth in next 4 months",2024-11-11 11:19:00,"Amid the bull market, top 5 Shiba Inu alternatives, including Rexas finance, are set for 20,000% growth in the next few months. #partnercontent"
Coinbase’s L2 Base welcomes Franklin Templeton’s tokenized fund,2024-10-31 15:33:00,"Coinbase’s Ethereum scaling solution has onboarded its first large wealth manager in Franklin Templeton, the $1.5 trillion Wall Street titan."
"DOGE glory days gone, $500 investment in this rival coin in 2024 may be smarter move",2024-10-31 10:49:00,"With DOGE’s growth potential fading, Rexas Finance is emerging as a strong alternative for investors seeking significant returns in 2024 through its tokenization of real-world assets. #partnercontent"
Tokenized mineral rights investment platform Elmnts launches on Solana,2024-10-22 15:36:00,"Elmnts, a tokenized investments platform focused on building an on-chain commodities ecosystem on Solana, has announced its public beta. The platform’s launch on Solana (SOL) provides accredited investors access to blockchain-based investment funds, backed by mineral rights royalties. Investors can…"
"Zig Network starts presale: Expected to leave ADA, XLM behind by 2025",2024-10-18 13:20:00,This article reviews Cardano and Stellar while highlighting the rising interest in Zig Network and its unique revenue-sharing model. #partnercontent
Azra Games raises over $42m to develop blockchain-integrated game,2024-10-15 16:42:00,"Azra Games, a video game developer based in Sacramento, has secured $42 million in Series A funding, with investment from Pantera Capital, Andreessen Horowitz, and NFX.  The funds will be used to develop a mobile-first role-playing game that integrates blockchain…"
Securitize taps Zero Hash to enable purchase of BlackRock’s BUIDL via USDC,2024-10-15 16:39:00,"Securitize, the platform for tokenizing real-world assets, has integrated Zero Hash to allow qualified investors to easily subscribe to BlackRock’s tokenized fund via the USDC stablecoin. In an announcement Securitize said its partnership with the stablecoin infrastructure platform Zero Hash…"
These 3 altcoins under $0.05 could deliver 75x gains in the upcoming bull run,2024-10-11 17:30:00,"Three lesser-known altcoins under $0.05 could see impressive returns, as attention shifts from mainstream options like Polkadot. #partnercontent"
Analyst who predicted Cardano’s rise from $0.50 to $10 sees 800x growth for these 4 tokens,2024-10-11 13:45:00,An analyst famed for predicting Cardano’s rise now sees four undervalued coins poised for 800x growth. #partnercontent
Top 6 altcoins Under $1 set to skyrocket—Here’s why they could deliver 1000x returns,2024-10-09 16:50:00,Crypto enthusiasts seek the next breakout star; discover six promising altcoins under $1 with potential for explosive gains. #partnercontent
"Investors target SOL, APTOS, FXGuys for the bull cycle",2024-10-09 11:30:00,"As the crypto bull cycle nears, Solana, Aptos, and FXGuys stand out for their unique growth potential, with FXGuys gaining attention in the PropFi space. #partnercontent"
Maximizing returns in a volatile market: The role of Bitcoin yields | Opinion,2024-10-09 11:03:00,"Bitcoin—a distributed, battle-tested, and censorship-resistance peer-to-peer network—can lay the foundation for a robust DeFi sector."
Three promising cryptos set to explode in October,2024-10-09 07:19:00,"GameFi is booming with a market cap of $18 billion, and Telegram games are leading the charge, making them a top crypto investment opportunity this October. #partnercontent"
Analyst predicts “breakout of the century” for this Dogecoin competitor in 2024,2024-10-05 02:00:00,"A bold prediction for 2024 sparks excitement in the crypto ETF market; analysts see ETFSwap surging, rivaling Dogecoin. #sponsoredcontent"
Top 4 cryptos under $1 that could deliver 555x returns by end of 2024,2024-10-04 18:10:00,"The hunt for undervalued crypto gems is heating up with CYBRO’s presale has surpassed $2.9 million, attracting major investor interest. #partnercontent"
Axelar launches Mobius Development Stack for cross-chain interoperability,2024-10-04 15:19:00,"Axelar has introduced the Mobius Development Stack, a technology designed to make building decentralized applications across different blockchains easier.  The company’s new infrastructure, announced in an Oct. 3 Blockworks article, allows developers to connect various blockchain networks, including Solana (SOL),…"
Top 5 altcoins under $0.10 poised to rally 50x by end of 2024 – Cybro leads,2024-09-28 17:29:00,Bargain hunters are seeking promising altcoins under a dime with huge growth potential. Cybro leads the pack as 2024 approaches. #partnercontent
"Steven Bartlett, Raoul Pal, and Dr Lisa Cameron MP assemble at Zebu Live, London’s biggest web3 event",2024-09-27 21:45:00,"Zebu Live returns to London web3 Week on Oct 10-11, uniting 3,500 attendees and industry leaders for a vibrant event. #pressrelease"
Rollblock tipped to dominate remainder of 2024 and overtake XRP and Solana,2024-09-17 15:12:00,"XRP struggles, FTX’s moves threaten Solana, but Rollblock’s ICO surges 160%, making it a top crypto pick. #partnercontent"
"Crypto VC funding: Huma Finance raises $38m, Fuse clinches $12m",2024-09-14 18:47:00,"At least 19 startups raised venture capital funds over the past seven days, with the largest round going to Huma Finance, a tokenized real-world assets platform. Huma announced on Sept. 11 that it received $38 million in a fund-raising effort…"
BNB and XLM holders think Rollblock could be the key to 100x gains,2024-09-14 06:56:00,"Rollblock, the new GambleFi coin, raises $3.3M in its 6th presale stage, surpassing BNB and XLM. #partnercontent"
Ripple to bring smart contracts on XRP Ledger,2024-09-03 09:18:00,"Blockchain payments firm Ripple has disclosed plans to bring smart contracts to the XRP Ledger mainnet, enhancing programmability and enabling developers to create customized applications. In a Sep. 2 announcement, Ripple revealed it is working to introduce smart contracts to…"
SWIFT-like bridge for stablecoins UDPN adds support for Australian Digital Dollar,2024-09-03 07:13:00,"The Universal Digital Payments Network has announced the integration of the Australian Digital Dollar into its platform, expanding its support for regulated stablecoins. Launched in Davos as a bridge between centralized and decentralized digital currency systems, the Universal Digital Payments…"
Investing in MENA’s crypto future: Opportunities and challenges | Opinion,2024-08-30 11:13:00,The Middle East offers a conveyor belt of highly attractive opportunities for targeted investments within the blockchain space.
"ChatGPT 4.0 predicts which crypto could outperform ETH, SOL in next 12 months",2024-08-30 08:52:00,"ChatGPT 4.0 predicts Rollblock could outperform Ethereum and Solana over the next year, positioning it as a rising star in the crypto market. #partnercontent"
FORKED web3 gaming and SocialFi conference to happen at KBW 2024,2024-08-27 19:00:00,"Seoul’s FORKED conference, an official Korea Blockchain Week event, will spotlight web3 gaming and SocialFi. #pressrelease"
AI tokens are dancing to NVIDIA’s beat — how long will the music last?,2024-08-27 17:16:00,"As analysts predict a near-doubling of NVIDIA’s revenue, how will this potential windfall affect AI-focused crypto tokens? NVIDIA (NVDA) has been the talk of the town, and for good reason. This tech giant, renowned for its powerful graphics cards and…"
Crypto ATM provider CoinFlip expands to Mexico,2024-08-26 13:01:00,"United States-based cryptocurrency ATM provider CoinFlip has expanded to Mexico as a part of its global expansion plans. According to a press release shared with crypto.news, CoinFlip has deployed its cryptocurrency ATMs across Mexico, marking the Latin-American nation as its…"
Franklin Templeton brings tokenized money market fund to Avalanche,2024-08-22 14:57:00,"Franklin Templeton, a global investment firm managing over $1.6 trillion in assets, has expanded its tokenized money market fund to Avalanche. Franklin Templeton announced on Aug. 22 that its OnChain U.S. Government Money Fund had extended to the Avalanche (AVAX)…"
"Altcoins with high ROI potential: Rollblock, Pepe Coin, Toncoin",2024-08-21 09:54:00,"As the much-anticipated crypto bull run kicks off, Rollblock, Pepe, and TonCoin are emerging as top contenders for high ROI, with analysts tipping RBLK for a potential 100x rally. #partnercontent"
"ETH, SHIB show weak performance as investors eye new crypto touted for huge gains",2024-08-20 09:34:00,Ethereum and Shiba Inu holders turn to Rollblock’s presale for potential 100x gains amid market struggles. #partnercontent
"Meet GalFi, The play-to-earn sci-fi strategy game launching Q4 2024",2024-08-19 16:00:00,"Galactic Finance changes web3 gaming with a play-to-earn model, featuring a vast universe of planets and civilizations. #sponsoredcontent"
Rollblock poised for major price explosion as the race between XRP and BNB continues,2024-08-19 15:14:00,"XRP aims to surpass BNB’s market cap as Rollblock readies for a GambleFi shake-up, potentially overshadowing both giants. #partnercontent"
"Bullish predictions for Rollblock, set for huge rally alongside SHIB, ADA",2024-08-19 10:58:00,"Investors are eyeing Shiba Inu, Cardano, and the new altcoin Rollblock as these tokens show significant potential for massive returns, with predictions of up to 800% gains in the coming year. #partnercontent"
Crypto-clipping malware ‘Styx Stealer’ targets Windows computers,2024-08-18 12:21:00,"Styx Stealer, a new malware, stealthily swipes cryptocurrency from Windows-based computers. Cybersecurity firm Check Point Research first identified Styx as a beefier version of Phemodrone Stealer in April. The malware exploited a now-patched Windows vulnerability, hijacking cryptocurrency transactions and stealing…"
Arbitrum DAO signals approval to introduce staking for ARB tokens,2024-08-16 10:58:00,"With 91.5% approval, the Arbitrum DAO has signaled its support for implementing ARB token staking to enhance governance and security. The Arbitrum DAO has supported the implementation of (ARB) token staking, a move aimed at enhancing governance and bolstering the…"
Tyler Winklevoss: How did Kamala Harris miss the crypto roundtable?,2024-08-09 18:20:00,"Tyler Winklevoss, the co-founder of crypto exchange Gemini, is baffled that Kamala Harris failed to attend the crypto roundtable meeting that took place on Aug. 8. “All she needed was an internet connection,” Tyler said in a post on X.…"
Franklin Templeton launches money market fund on Arbitrum,2024-08-08 14:55:00,"Franklin Templeton, a $1.66 trillion asset manager, has announced the launch of its money market fund on Arbitrum. The Wall Street giant said in a press release that the Franklin OnChain U.S. Government Money Fund FOBXX is now available to…"
"XRP price cheers Ripple vs SEC verdict, but brace for a reversal",2024-08-08 13:08:00,"Ripple price staged a strong comeback this week after the developers won an important case in the United States. Ripple’s big win vs SEC Ripple (XRP) token rose for the third consecutive day and reached a high of $0.6430, 48%…"
DTX Exchange presale takes off with over $1.2m raised while XRP dips and STX rises,2024-08-08 07:57:00,"The DTX Exchange presale has raised over $1.2m so far, at the same time, Ripple price dips and Stacks climbs higher. #partnercontent"
USD Coin,Inconnu,"USDC price About USD Coin USD Coin (USDC) is a type of digital currency known as a stablecoin that is pegged to the U.S. dollar on a 1:1 ratio to reduce volatility. It’s issued by Circle, a fintech company based…"
Polkadot,Inconnu,Introduction to Polkadot Polkadot is an open-source project run by the Swiss-based Web3 Foundation (W3F) that connects multiple specialized blockchains into one unified network.  The protocol comprises a main Relay Chain that coordinates the network’s security and consensus and numerous…
